{"cameraMode":{"drawMode":0,"name":"Shaded","section":"Shading Mode"},"sceneLighting":true,"audioPlay":false,"sceneViewState":{"m_AlwaysRefresh":false,"showFog":true,"showSkybox":true,"showFlares":true,"showImageEffects":true,"showParticleSystems":true,"showVisualEffectGraphs":true,"m_FxEnabled":true},"in2DMode":false,"pivot":{"x":-60.74056625366211,"y":0.7702007293701172,"z":-114.39146423339844},"rotation":{"x":0.24263036251068116,"y":-0.469527006149292,"z":0.13595549762248994,"w":0.8381069302558899},"size":11.169129371643067,"orthographic":true}